<?xml version="1.0" encoding="UTF-8"?>
<modification>
    <code>ecpaypayment</code>
    <name>ECPay Payment</name>
    <version>3.0.2105170</version>
    <author>ECPay</author>
    <link>https://www.ecpay.com.tw/</link>
    <file path="admin/controller/extension/payment/ecpaylogistic.php">
        <operation>
            <search><![CDATA[
            $files = glob(DIR_APPLICATION . 'controller/extension/payment/*.php');
            ]]></search>
            <add position="after"><![CDATA[

            if ($files) {
                foreach($files as $key => $file)
                {
                    if(strpos($file,'extension/payment/ecpaylogistic.php'))
                    {
                        unset($files[$key]);    
                    }
                }
            }

            ]]></add>
        </operation>
    </file>
</modification>
